city,state
Abbotsford,BC
Aberdeen,MD
Aberdeen,SD
Abilene,TX
Accord,NY
Adel,GA
Agoura Hills,CA
Akron,OH
Albany,GA
Albany,NY
Albany,OR
Albemarle,NC
Albert Lea,MN
Albertville,AL
Albuquerque,NM
Alexandria,LA
Alexandria,VA
Allegan,MI
Allen,TX
Allendale,MI
Allentown,PA
Allston,MA
Alpharetta,GA
Alpine,CA
Alton,IL
Altoona,PA
Amarillo,TX
Amelia,OH
Ames,IA
Amherst,MA
Anaheim,CA
Anchorage,AK
Anderson,IN
Anderson,SC
Angola,IN
Angola,LA
Ann Arbor,MI
Annapolis,MD
Apple Valley,MN
Appleton,WI
Arcadia,WI
Ardmore,OK
Ardmore,PA
Arlington,TX
Arnolds Park,IA
Arrington,TN
Arrow Rock,MO
Asbury Park,NJ
Asheville,NC
Ashland,KY
Ashland,OR
Ashland,VA
Ashwaubenon,WI
Aspen,CO
Athens,GA
Athens,OH
Athens,TN
Atlanta,GA
Atlantic City,NJ
Atwood,TN
Auburn,AL
Auburn,WA
Auburn Hills,MI
Augusta,GA
Augusta,ME
Augusta,NJ
Aurora,CO
Aurora,IL
Austin,CA
Austin,TX
Autaugaville,AL
Aventura,FL
Avila Beach,CA
Avon,CO
Avon,NY
Avondale,AZ
Bakersfield,CA
Bala,ON
Baldwin City,KS
Baldwinsville,NY
Baltimore,MD
Bangor,ME
Baraboo,WI
Barberton,OH
Barrie,ON
Bartlesville,OK
Batavia,NY
Baton Rouge,LA
Battle Creek,MI
Bay City,MI
Bay Shore,NY
Baytown,TX
Beaufort,SC
Beaumont,TX
Beaver Dam,KY
Belcourt,ND
Belle Vernon,PA
Belleville,IL
Bellingham,WA
Bellvue,CO
Belmont,OH
Beloit,WI
Belton,MO
Belton,SC
Belton,TX
Belvidere,IL
Bemidji,MN
Bend,OR
Bensalem,PA
Berea,OH
Berkeley,CA
Bethel,NY
Bethlehem,PA
Beverly,MA
Beverly Hills,CA
Big Flats,NY
Billings,MT
Biloxi,MS
Binghamton,NY
Birmingham,AL
Bismarck,ND
Black Mountain,NC
Blackfoot,ID
Blacksburg,VA
Blaine,MN
Bloomington,IL
Bloomington,IN
Bloomsburg,PA
Blue Grass,IA
Blue Rapids,KS
Boca Raton,FL
Boise,ID
Bolingbrook,IL
Bonita Springs,FL
Bonner,MT
Bonner Springs,KS
Boone,IA
Boone,NC
Bossier City,LA
Boston,MA
Boulder,CO
Bourbonnais,IL
Bow,WA
Bowie,MD
Bowler,WI
Bowling Green,KY
Bowling Green,OH
Bozeman,MT
Bradenton,FL
Bradford,VT
Brainerd,MN
Brampton,ON
Brandon,FL
Brandon,MS
Branson,MO
Brea,CA
Breckenridge,CO
Bremen,GA
Bremerton,WA
Brevard,NC
Bridgeport,CT
Bridgeview,IL
Bridgewater,NJ
Brighton,CO
Bristol,TN
Bristol,VA
Bristow,VA
Broadalbin,NY
Bronx,NY
Brookfield,WI
Brookings,SD
Brooklyn,MI
Brooklyn,NY
Brooks,CA
Brookville,NY
Brookville,OH
Brookville,PA
Broomfield,CO
Brossard,QC
Buda,TX
Buena Park,CA
Buena Vista,CO
Buffalo,NY
Buford,GA
Burbank,CA
Burgettstown,PA
Burlingame,CA
Burlington,IA
Burlington,VT
Burnaby,BC
Burnsville,MN
Butte,MT
Cabazon,CA
Cadet,MO
Cadott,WI
Caldwell,ID
Calgary,AB
California,PA
Camarillo,CA
Cambridge,MA
Camden,NJ
Camden,TN
Camdenton,MO
Canandaigua,NY
Canfield,OH
Canton,OH
Canton,TX
Canyonville,OR
Cape Girardeau,MO
Carbondale,IL
Carlton,MN
Carmel,IN
Carmel-By-The-Sea,CA
Carrboro,NC
Carrollton,GA
Carrolltown,PA
Carson,CA
Carsonville,MI
Cartersville,GA
Cary,NC
Cashion,OK
Casper,WY
Castle Rock,CO
Catoosa,OK
Cayce,SC
Cedar Falls,IA
Cedar Park,TX
Cedar Rapids,IA
Cedarburg,WI
Celina,OH
Central City,IA
Central Point,OR
Centralia,IL
Cerritos,CA
Champaign,IL
Chandler,AZ
Chapel Hill,NC
Chardon,OH
Charenton,LA
Charles Town,WV
Charleston,SC
Charleston,WV
Charlotte,NC
Charlottesville,VA
Chattanooga,TN
Chautauqua,NY
Cheney,WA
Cherokee,NC
Chesapeake,VA
Chester,PA
Chesterfield,MO
Chestnut Hill,MA
Cheyenne,WY
Chicago,IL
Chickasha,OK
Chico,CA
Chillicothe,IL
Chilton,WI
Chippewa Falls,WI
Choctaw,MS
Christoval,TX
Chula Vista,CA
Cincinnati,OH
Clarendon,TX
Clarksburg,CA
Clarkston,MI
Clear Lake,IA
Clearwater,FL
Cleburne,TX
Clemson,SC
Clermont,FL
Cleveland,OH
Cleveland Heights,OH
Clifton Park,NY
Clive,IA
Clovis,CA
Coachella,CA
Coarsegold,CA
Cocoa,FL
Coconut Creek,FL
Cody,WY
Coeur d'Alene,ID
Cohasset,MA
Cohoes,NY
Colchester,VT
Coldwater,MI
College Park,GA
College Park,MD
College Station,TX
Collingswood,NJ
Colorado Springs,CO
Columbia,MD
Columbia,MO
Columbia,SC
Columbus,GA
Columbus,OH
Colusa,CA
Commerce,GA
Commerce City,CO
Comstock Park,MI
Concan,TX
Concord,CA
Concord,NC
Concord,NH
Conway,SC
Cooperstown,NY
Coquitlam,BC
Coral Springs,FL
Coralville,IA
Corbin,KY
Cordova,TN
Corinth,MS
Corning,CA
Corpus Christi,TX
Corvallis,OR
Costa Mesa,CA
Cottonwood,AL
Council Bluffs,IA
Covington,KY
Coxsackie,NY
Cranbrook,BC
Crestwood,IL
Cromwell,CT
Crystal Bay,NV
Cuba,MO
Cullman,AL
Cullowhee,NC
Cupertino,CA
Cuyahoga Falls,OH
Cypress,TX
Dahlonega,GA
Dallas,TX
Daly City,CA
Dana Point,CA
Dania Beach,FL
Danville,KY
Danville,VA
Darien,NY
Darien Center,NY
Darlington,SC
Davenport,IA
Davidson,NC
Davis,CA
Dawson Creek,BC
Dayton,OH
Daytona Beach,FL
DeKalb,IL
Deadwood,SD
Decatur,AL
Decatur,GA
Decatur,IL
Dekalb,IL
Del Mar,CA
Del Valle,TX
Delray Beach,FL
Deltona,FL
Denton,TX
Denver,CO
Des Moines,IA
Destin,FL
Detroit,MI
Detroit Lakes,MN
Dewey Beach,DE
Dillon,CO
Dillsburg,PA
Dilworth,MN
Dodge City,KS
Doral,FL
Doswell,VA
Dothan,AL
Dover,DE
Dowagiac,MI
Du Quoin,IL
Dublin,OH
Dubuque,IA
Duluth,GA
Duluth,MN
Dunedin,FL
Durant,OK
Durham,NC
Durham,NH
Eagan,MN
East Hartford,CT
East Lansing,MI
East Moline,IL
East Providence,RI
East Rutherford,NJ
East Troy,WI
Eastlake,OH
Easton,PA
Eatontown,NJ
Eau Claire,WI
Eden,NC
Edinburg,TX
Edmonds,WA
Edmonton,AB
Effingham,IL
El Cajon,CA
El Dorado,AR
El Dorado Hills,CA
El Paso,TX
Elgin,IL
Elizabeth,IN
Elizabeth,NJ
Elizabethtown,KY
Elkhart,IN
Elkhart Lake,WI
Elkhorn,WI
Elko New Market,MN
Ellensburg,WA
Elmer Road,NJ
Elmira,NY
Elmont,NY
Elon,NC
Endicott,NY
Englewood,CO
Englewood,NJ
Enid,OK
Ennis,TX
Enoch,AB
Enumclaw,WA
Epping,NH
Erie,PA
Escondido,CA
Essex Junction,VT
Estero,FL
Estes Park,CO
Estevan,SK
Eufaula,OK
Eugene,OR
Eureka Springs,AR
Evans,GA
Evanston,IL
Evansville,IN
Everett,MA
Everett,WA
Exton,PA
Fairbanks,AK
Fairburn,GA
Fairfax,VA
Fairfield,CT
Fairhope,AL
Fargo,ND
Farmers Branch,TX
Farmington,MO
Farmingville,NY
Fayetteville,AR
Fayetteville,NC
Felton,CA
Ferndale,MI
Filer,ID
Fishersville,VA
Flagstaff,AZ
Flint,MI
Florence,AZ
Florence,IN
Florence,MA
Florence,SC
Floyd,VA
Flushing,NY
Folsom,CA
Fontana,CA
Forest City,IA
Forest Hills,NY
Forney,TX
Fort Collins,CO
Fort Hall,ID
Fort Lauderdale,FL
Fort Loramie,OH
Fort McDowell,AZ
Fort Myers,FL
Fort Pierce,FL
Fort Smith,AR
Fort Wayne,IN
Fort Worth,TX
Fort Yates,ND
Fountain,MN
Fowlerville,MI
Foxboro,MA
Foxborough,MA
Franklin,NC
Franklin,OH
Franklin,TN
Franklin,WI
Frederick,MD
Fredericksburg,TX
Fredericksburg,VA
Freedom,WI
Freehold,NJ
Fremont,NE
French Lick,IN
Frenchtown,NJ
Fresno,CA
Frisco,CO
Frisco,TX
Gainesville,FL
Gainesville,GA
Galveston,TX
Garden City,ID
Garden Grove,CA
Gardendale,AL
Garland,TX
Garrett,IN
Garwood,NJ
Gary,IN
Gatineau,QC
Geneva,IL
Geneva,NY
George,WA
Gerlach,NV
Gettysburg,PA
Gibson City,IL
Gilbert,AZ
Gilford,NH
Glen Allen,VA
Glendale,AZ
Glenmont,NY
Glenmoore,PA
Glens Falls,NY
Glenside,PA
Goldendale,WA
Goliad,TX
Gonzales,LA
Gooding,ID
Goodyear,AZ
Goshen,IN
Graham,TX
Granbury,TX
Grand Forks,ND
Grand Island,NE
Grand Junction,CO
Grand Prairie,TX
Grand Rapids,MI
Grand Ronde,OR
Grande Prairie,AB
Grangeville,ID
Grant,OK
Grantville,PA
Granville,WV
Gratz,PA
Gravenhurst,ON
Gray,TN
Great Barrington,MA
Great Falls,MT
Greeley,CO
Green Bay,WI
Green Cove Springs,FL
Greeneville,TN
Greensboro,NC
Greensburg,KY
Greensburg,PA
Greenvale,NY
Greenville,NC
Greenville,OH
Greenville,SC
Greenwood,SC
Greenwood Village,CO
Gregory,SD
Grindstone,PA
Grove City,OH
Guelph,ON
Guin,AL
Gulf Shores,AL
Guthrie,OK
Guthrie Center,IA
Hadensville,VA
Hagerstown,MD
Halifax,NS
Hamburg,NY
Hamden,CT
Hamel,MN
Hamilton,OH
Hamilton,ON
Hamilton,TX
Hammond,IN
Hammondsport,NY
Hampton,GA
Hampton,NH
Hampton,VA
Hanahan,SC
Hankinson,ND
Hanover,MD
Harmony,NC
Harrington,DE
Harris,MI
Harrisburg,PA
Harrison,MI
Harrison,NJ
Harrisonburg,VA
Hartford,CT
Hartford,MI
Hartford,WI
Hartington,NE
Hartsville,SC
Hastings,NE
Hattiesburg,MS
Hazel Crest,IL
Helena,MT
Helotes,TX
Hempstead,NY
Henderson,NC
Henderson,NV
Henderson,TX
Hermon,ME
Herriman,UT
Hershey,PA
Hiawassee,GA
Hickory,NC
Hidalgo,TX
Highland Park,IL
Highmount,NY
Hillsboro,OR
Hilton Head Island,SC
Hinckley,MN
Hitchcock,TX
Hixson,TN
Hobart,IN
Hockley,TX
Hoffman Estates,IL
Holiday,FL
Holland,MI
Hollywood,CA
Hollywood,FL
Holmdel,NJ
Holyoke,MA
Homer,NY
Homestead,FL
Homestead,PA
Honolulu,HI
Hoover,AL
Hopewell,VA
Hopkins,MN
Hot Springs,AR
Houma,LA
Houston,TX
Huber Heights,OH
Hudsonville,MI
Humble,TX
Hummelstown,PA
Hunlock Creek,PA
Huntington,IN
Huntington,NY
Huntington,WV
Huntington Beach,CA
Huntsville,AL
Huntsville,TX
Huron,SD
Hutchinson,KS
Hutto,TX
Hyannis,MA
Idaho Falls,ID
Immokalee,FL
Imperial,NE
Independence,IA
Independence,MO
Indian Trail,NC
Indian Wells,CA
Indiana,PA
Indianapolis,IN
Indianola,IA
Indio,CA
Inglewood,CA
Interlochen,MI
Iowa City,IA
Irvine,CA
Irving,TX
Isle of Palms,SC
Ithaca,NY
Ivins,UT
Jackpot,NV
Jackson,CA
Jackson,MI
Jackson,MS
Jackson,TN
Jackson,WY
Jackson Hole,WY
Jacksonville,AL
Jacksonville,FL
Jacksonville,IL
Jacksonville,NC
Jacksonville,OR
Jacksonville Beach,FL
Jamaica,NY
Jefferson,WI
Jefferson City,MO
Jersey City,NJ
Jim Thorpe,PA
Johnson City,TN
Johnstown,PA
Joliet,IL
Jonesboro,AR
Joplin,MO
Jordan,NY
Jupiter,FL
Kalamazoo,MI
Kalispell,MT
Kamas,UT
Kamloops,BC
Kannapolis,NC
Kansas City,KS
Kansas City,MO
Kapolei,HI
Katy,TX
Kearney,NE
Kelowna,BC
Kennesaw,GA
Kennett Square,PA
Kennewick,WA
Kent,OH
Kent,WA
Kenton,OH
Key Biscayne,FL
Key West,FL
Kiawah Island,SC
Kinder,LA
King of Prussia,PA
Kingman,IN
Kings Mountain,NC
Kingsport,TN
Kingston,NY
Kingston,ON
Kingston,RI
Kinston,NC
Kissimmee,FL
Kitchener,ON
Knoxville,IA
Knoxville,TN
Kodak,TN
Kokomo,IN
La Crosse,WI
La Grange,KY
La Jolla,CA
La Mirada,CA
La Porte,IN
La Quinta,CA
LaFayette,NY
LaGrange,GA
Laconia,NH
Ladson,SC
Lafayette,IN
Lafayette,LA
Laguna Beach,CA
Lahaina,HI
Lake Buena Vista,FL
Lake Charles,LA
Lake Elsinore,CA
Lake Orion,MI
Lake Ozark,MO
Lake Park,FL
Lakeland,FL
Lakeport,CA
Lakeview,OR
Lakewood,NJ
Lakewood,OH
Lamar,MO
Lampe,MO
Lancaster,CA
Lancaster,PA
Landover,MD
Lansing,MI
Laramie,WY
Laredo,TX
Las Cruces,NM
Las Vegas,NV
Laughlin,NV
Laval,QC
Lawrence,KS
Lawrence ,KS
Lawrenceburg,IN
Lawrenceburg,TN
Lawrenceville,GA
Lawton,OK
Layton,UT
Le Roy,NY
Lebanon,OH
Lebanon,TN
Lee,NH
Leeds,AL
Leesburg,VA
Lenoir,NC
Lenox,MA
Lethbridge,AB
Levittown,NY
Lewisburg,PA
Lewisburg,TN
Lewisburg,WV
Lewiston,ID
Lewiston,NY
Lewisville,TX
Lexington,KY
Lexington,MA
Lexington,OH
Lexington,VA
Liberty Township,OH
Lima,OH
Lincoln,CA
Lincoln,NE
Lincoln,RI
Lincoln City,IN
Lincoln City,OR
Lincolnshire,IL
Lincroft,NJ
Lisle,IL
Little Rock,AR
Little Valley,NY
Littleton,CO
Live Oak,FL
Livermore,CA
Livingston,MT
Llano,TX
Lockport,NY
Logan,UT
Loleta,CA
London,ON
Long Beach,CA
Long Pond,PA
Longview,TX
Los Angeles,CA
Los Banos,CA
Loudon,NH
Louisville,KY
Loveland,CO
Loves Park,IL
Lowell,MA
Lowville,NY
Lubbock,TX
Lufkin,TX
Lutherville-Timonium,MD
Lynchburg,VA
Lynden,WA
Lynn,MA
Lyons,CO
Mableton,GA
Mack,CO
Macon,GA
Madera,CA
Madison,AL
Madison,IL
Madison,NE
Madison,WI
Magna,UT
Malibu,CA
Mamaroneck,NY
Manassas,VA
Manchester,CT
Manchester,IA
Manchester,NH
Manchester,TN
Manhattan,KS
Manhattan,NY
Manistee,MI
Mankato,MN
Manley,NE
Mansfield,MA
Mansfield,OH
Manson,IA
Manson,WA
Manteo,NC
Maplewood,MN
Maquoketa,IA
Marco Island,FL
Maricopa,AZ
Marietta,NY
Marietta,OH
Marion,IL
Marion,VA
Marksville,LA
Marshall,WI
Marshfield,MA
Martinsville,VA
Maryland Heights,MO
Marysville,WA
Maryville,TN
Mashantucket,CT
Mason,OH
Mayetta,KS
McAllen,TX
McCalla,AL
McCook,NE
McDonough,GA
McHenry,IL
McKees Rocks,PA
McKinney,TX
Mechanicsburg,OH
Medford,MA
Medford,NJ
Medford,OR
Medicine Hat,AB
Melbourne,FL
Melvin,IL
Memphis,TN
Mendon,MA
Merced,CA
Meridian,MS
Merrillville,IN
Mesa,AZ
Mescalero,NM
Meshoppen,PA
Mesquite,TX
Metairie,LA
Miami,FL
Miami,OK
Miami Beach,FL
Miami Gardens,FL
Middle Point,OH
Middleburg Heights,OH
Middleport,NY
Middletown,NY
Midland,MI
Midland,TX
Midwest City,OK
Milford,NH
Mill Spring,NC
Millburn,NJ
Milledgeville,GA
Mills,WY
Millvale,PA
Millville,NJ
Milton-Freewater,OR
Milwaukee,WI
Minden,NV
Minneapolis,MN
Minot,ND
Miramar,FL
Mississauga,ON
Missoula,MT
Mitchell,SD
Mobile,AL
Modesto,CA
Mohnton,PA
Moline,IL
Moncton,NB
Monetta,SC
Monitcello,NY
Monroe,LA
Monroe,WA
Montclair,CA
Montclair,NJ
Monte Vista,CO
Monterey,CA
Montgomery,AL
Monticello,IA
Montreal,QC
Montrose,CO
Moon,PA
Moorhead,MN
Moosic,PA
Morgantown,WV
Morrison,CO
Morristown,NJ
Morro Bay,CA
Moscow,ID
Mount Carroll Historic District,IL
Mount Pleasant,MI
Mount Pleasant,PA
Mount Pleasant,UT
Mount Pocono,PA
Mountain View,CA
Mt Airy,NC
Mt Pleasant,SC
Mt Sterling,KY
Mulvane,KS
Muncie,IN
Munhall,PA
Murfreesboro,TN
Murphys,CA
Murray,KY
Muskegon,MI
Muskogee,OK
Myrtle Beach,SC
Nacogdoches,TX
Nampa,ID
Napa,CA
Naples,FL
Nashville,IN
Nashville,TN
Natchez,MS
National Harbor,MD
Nederland,TX
Neeses,SC
Neligh,NE
Nepean,ON
Nephi,UT
New Albany,OH
New Berlin,IL
New Braunfels,TX
New Brunswick,NJ
New Buffalo,MI
New Cumberland,WV
New Haven,CT
New Haven,IN
New Haven,KY
New Hope,PA
New London,CT
New Orleans,LA
New Philadelphia,OH
New Richmond,WI
New Town,ND
New York,NY
Newark,DE
Newark,NJ
Newark,OH
Newberg,OR
Newberry,SC
Newburgh,NY
Newkirk,OK
Newnan,GA
Newport,KY
Newport,RI
Newport Beach,CA
Newport News,VA
Newton,IA
Newton,NJ
Newville,PA
Niagara Falls,NY
Niagara Falls,ON
Niceville,FL
Nichols,NY
Niles,OH
Noblesville,IN
Norco,CA
Norcross,GA
Norfolk,CT
Norfolk,NE
Norfolk,VA
Norfolk ,VA
Normal,IL
Norman,OK
North Adams,MA
North Augusta,SC
North Charleston,SC
North East,PA
North Las Vegas,NV
North Lawrence,OH
North Little Rock,AR
North Myrtle Beach,SC
North Platte,NE
North Ridgeville,OH
North Smithfield,RI
North Tonawanda,NY
North York,ON
Northampton,MA
Northfield,MA
Northfield,OH
Northridge,CA
Northumberland,PA
Norton,MA
Norton,VA
Norwalk,CT
Norwalk,OH
Notre Dame,IN
Oak Creek,WI
Oak Harbor,WA
Oakbrook Terrace,IL
Oakland,CA
Oakmont,PA
Oaks,PA
Oakville,ON
Ocala,FL
Ocean City,MD
Ocean City,NJ
Oceanport,NJ
Odessa,TX
Ogden,UT
Ojai,CA
Okaloosa Island,FL
Okeechobee,FL
Oklahoma City,OK
Old Westbury,NY
Olympia,WA
Omaha,NE
Onamia,MN
Ontario,CA
Orange Beach,AL
Orange Park,FL
Orchard Park,NY
Oregon,OH
Orem,UT
Orlando,FL
Ormond Beach,FL
Oro Medonte,ON
Oro Station,ON
Oroville,CA
Oshawa,ON
Oshkosh,WI
Ottawa,ON
Ottumwa,IA
Overland Park,KS
Oviedo,FL
Owensboro,KY
Owings Mills,MD
Oxford,AL
Oxford,MS
Oxford,OH
Oxnard,CA
Oxon Hill,MD
Ozark,AR
Pacific Palisades,CA
Paducah,KY
Pala,CA
Palatine Bridge,NY
Palestine,TX
Palm Beach Gardens,FL
Palm Desert,CA
Palm Harbor,FL
Palm Springs,CA
Palmer,AK
Panama City,FL
Panama City Beach,FL
Papillion,NE
Paramus,NJ
Paris,KY
Park City,KS
Park City,UT
Parker,TX
Parma,ID
Pasadena,CA
Pasadena,TX
Pasco,WA
Paso Robles,CA
Patchogue,NY
Pauma Valley,CA
Pawleys Island,SC
Pawling,NY
Pawtucket,RI
Payson,AZ
Peabody,MA
Peachtree City,GA
Pearl,MS
Pebble Beach,CA
Pelham,AL
Pelham,TN
Pembroke Pines,FL
Pendleton,OR
Pensacola,FL
Penticton,BC
Peoria,AZ
Peoria,IL
Perkinston,MS
Perris,CA
Perry,GA
Perrysburg,OH
Pesotum,IL
Petaluma,CA
Peterborough,ON
Petersburg,IL
Petersburg,VA
Petros,TN
Pharr,TX
Phenix City,AL
Philadelphia,PA
Phoenix,AZ
Phoenixville,PA
Pickerington,OH
Pico Rivera,CA
Pikeville,KY
Pioneertown,CA
Piscataway Township,NJ
Pisgah Forest,NC
Pittsburg,KS
Pittsburgh,PA
Plant City,FL
Pleasanton,CA
Pleasantville,OH
Plymouth,IN
Plymouth,MA
Plymouth,MI
Pocatello,ID
Pomona,CA
Pomona,NY
Pompano Beach,FL
Ponte Vedra Beach,FL
Pontiac,MI
Poplar Bluff,MO
Port Charlotte,FL
Port Chester,NY
Port Huron,MI
Port St. Lucie,FL
Porterville,CA
Portland,ME
Portland,OR
Portsmouth,NH
Portsmouth,VA
Poteau,OK
Poughkeepsie,NY
Prescott,AZ
Prescott Valley,AZ
Prestonsburg,KY
Primm,NV
Prince George,BC
Princeton,NJ
Prior Lake,MN
Providence,RI
Provo,UT
Pryor,OK
Pueblo,CO
Pueblo West,CO
Pullman,WA
Punta Gorda,FL
Purchase,NY
Put-In-Bay,OH
Puyallup,WA
Quakertown,PA
Quapaw,OK
Quebec City,QC
Queen Creek,AZ
Rahway,NJ
Raleigh,NC
Ralston,NE
Rama,ON
Rancho Cucamonga,CA
Rancho Mirage,CA
Rapid City,SD
Reading,PA
Red Bank,NJ
Red Bluff,CA
Red Deer,AB
Redding,CA
Redmond,OR
Redmond,WA
Redondo Beach,CA
Redwood City,CA
Regina,SK
Reno,NV
Renton,WA
Rhinebeck,NY
Richardson,TX
Richland,MI
Richmond,BC
Richmond,KY
Richmond,TX
Richmond,UT
Richmond,VA
Ridgefield,CT
Ridgefield,WA
Ringgold,GA
Rio Rancho,NM
Riverside,CA
Riverton,UT
Roanoke,VA
Robinsonville,MS
Robstown,TX
Rochester,MI
Rochester,MN
Rochester,NY
Rochester Hills,MI
Rockford,IL
Rockingham,NC
Rocklin,CA
Rockville,MD
Rocky Mount,NC
Rocky Mount,VA
Rogers,AR
Rogersville,MO
Rohnert Park,CA
Rome,GA
Rootstown,OH
Roseland,VA
Rosemont,IL
Roseville,CA
Round Hill,VA
Round Rock,TX
Royal Oak,MI
Royse City,TX
Ruidoso Downs,NM
Ruston,LA
Rutland,VT
Sacramento,CA
Saginaw,MI
Sahuarita,AZ
Saint Charles,IA
Saint Charles,MO
Saint Joseph,MO
Saint Paul,MN
Saint Petersburg,FL
Saint-Eustache,QC
Salado,TX
Salamanca,NY
Salem,OR
Salem,VA
Salina,KS
Salinas,CA
Salisbury,MA
Salisbury,MD
Salt Lake City,UT
San Angelo,TX
San Antonio,TX
San Bernardino,CA
San Diego,CA
San Francisco,CA
San Jose,CA
San Juan,PR
San Juan Capistrano,CA
San Leandro,CA
San Luis Obispo,CA
San Marcos,CA
San Marcos,TX
San Mateo,CA
San Pedro,CA
San Rafael,CA
Sand Springs,OK
Sandpoint,ID
Sandy,UT
Sanibel,FL
Santa Ana,CA
Santa Barbara,CA
Santa Clara,CA
Santa Clarita,CA
Santa Cruz,CA
Santa Fe,MN
Santa Fe,NM
Santa Rosa,CA
Santa Ynez,CA
Sante Fe,NM
Sarasota,FL
Saratoga,CA
Saratoga Springs,NY
Saskatoon,SK
Sauget,IL
Sault Ste. Marie,MI
Sault Ste. Marie,ON
Savannah,GA
Saxapahaw,NC
Sayreville,NJ
Schaumburg,IL
Schenectady,NY
Scottsdale,AZ
Scranton,PA
Seattle,WA
Sedalia,MO
Selbyville,DE
Sellersville,PA
Selma,TX
Seward,NE
Shakopee,MN
Sharpsburg,KY
Shattuck,OK
Shaunavon,SK
Shawano,WI
Shawnee,OK
Sheboygan,WI
Shelburne,VT
Shelton,WA
Shinnston,WV
Shipshewana,IN
Shreveport,LA
Sidney,OH
Sikeston,MO
Silver Spring,MD
Silvis,IL
Simpsonville,SC
Simsbury,CT
Sioux City,IA
Sioux Falls,SD
Sisters,OR
Skokie,IL
Skowhegan,ME
Smyrna,GA
Snoqualmie,WA
Soda Spring,ID
Solana Beach,CA
Somerset,KY
Somerset,WI
Somerville,MA
Sonoma,CA
South Barrington,IL
South Bend,IN
South Burlington,VT
South Lake Tahoe,CA
South Padre Island,TX
Southampton,NY
Southaven,MS
Southern Pines,NC
Southington,CT
Spanish Fork,UT
Sparks,NV
Sparta,KY
Spartanburg,SC
Spencer,IA
Spicewood,TX
Spokane,WA
Spring,TX
Spring Hill,TN
Springdale,AR
Springdale,UT
Springfield,IL
Springfield,MA
Springfield,MO
Springfield,OH
St Charles,IL
St Helena,CA
St Ignace,MI
St Paul,OR
St. Augustine,FL
St. Catharines,ON
St. John's,NL
St. Louis,MO
Stafford,TX
Stafford Springs,CT
Stamford,CT
Stanford,CA
Starkville,MS
State College,PA
Stateline,NV
Staten Island,NY
Statesboro,GA
Steamboat Springs,CO
Stephens City,VA
Stephenville,TX
Sterling Heights,MI
Stillwater,OK
Stockton,CA
Stockville,NE
Storrs,CT
Stratford,ON
Strausstown,PA
Stroudsburg,PA
Stuart,FL
Sturtevant,WI
Sudbury,ON
Sugar Hill,GA
Sugar Land,TX
Sun Valley,ID
Sunrise,FL
Suquamish,WA
Surprise,AZ
Surrey,BC
Swanzey,NH
Sweetwater,TN
Sydney,NS
Sylvania,OH
Syracuse,NY
Tacoma,WA
Talladega,AL
Tallahassee,FL
Tampa,FL
Taos,NM
Tarrytown,NY
Taylorville,IL
Telluride,CO
Temecula,CA
Tempe,AZ
Terre Haute,IN
Terrell,TX
Thackerville,OK
The Colony,TX
The Villages,FL
The Woodlands,TX
Thibodaux,LA
Thorntown,IN
Thornville,OH
Thousand Oaks,CA
Thunder Bay,ON
Tiffin,OH
Tiger,GA
Tinley Park,IL
Toledo,OH
Toms River,NJ
Tooele,UT
Topeka,KS
Toppenish,WA
Topsfield,MA
Toronto,ON
Torrington,CT
Towson,MD
Traverse City,MI
Trenton,NJ
Trois-Rivieres,QC
Troutdale,OR
Troy,AL
Troy,NY
Troy,OH
Tualatin,OR
Tucson,AZ
Tukwila,WA
Tulalip,WA
Tulare,CA
Tulsa,OK
Tunica Resorts,MS
Tupelo,MS
Turlock,CA
Turner Falls,MA
Tuscaloosa,AL
Twin Lakes,WI
Tyler,TX
Tysons,VA
US Air Force Academy,CO
Uncasville,CT
Union,NJ
Uniondale,NY
University,MS
University Park,PA
Upper Darby,PA
Urbana,IL
Utica,NY
Vail,CO
Valley Center,CA
Valparaiso,IN
Vancouver,BC
Venice,FL
Ventura,CA
Vermillion,SD
Vernon,BC
Vero Beach,FL
Verona,NY
Vicksburg,MS
Victoria,BC
Vienna,VA
Viera,FL
Villanova,PA
Vineland,NJ
Vineyard Haven,MA
Vinton,LA
Virginia Beach,VA
Visalia,CA
Wabash,IN
Waco,TX
Waite Park,MN
Waldorf,MD
Walhalla,SC
Walker,MN
Walla Walla,WA
Wallingford,CT
Walnutport,PA
Wantagh,NY
Wappingers Falls,NY
Warren,MI
Warren,OH
Warrendale,PA
Warsaw,IN
Warwick,NY
Washington,DC
Washington,MO
Washington,PA
Washington DC,DC
Wasilla,AK
Waterbury,CT
Waterloo,NY
Watertown,TN
Waterville,WA
Watkins Glen,NY
Waukegan,IL
Wausau,WI
Wauwatosa,WI
Wayzata,MN
Webster,MA
Welch,MN
Wellston,MI
Wenatchee,WA
Wesley Chapel,FL
West Bend,WI
West Des Moines,IA
West Dundee,IL
West Fargo,ND
West Hollywood,CA
West Jordan,UT
West Lafayette,IN
West Long Branch,NJ
West Nyack,NY
West Palm Beach,FL
West Plains,MO
West Point,NY
West Sacramento,CA
West Springfield,MA
West Union,IA
West Valley City,UT
West Windsor Township,NJ
West Wyoming,PA
West Yarmouth,MA
Westbrook,ME
Westbury,NY
Westhampton Beach,NY
Wharton,TX
Wheatland,CA
Wheeling,WV
White Plains,NY
Whitefish,MT
Whites Creek,TN
Wichita,KS
Wichita Falls,TX
Wildwood,NJ
Wilkes-Barre,PA
Wilkesboro,NC
Williams Bay,WI
Williamsburg,VA
Williamsport,PA
Williamstown,NJ
Wilmington,DE
Wilmington,NC
Winchester,IN
Winder,GA
Windsor,ON
Windsor Mill,MD
Winnipeg,MB
Winston-Salem,NC
Winter Garden,FL
Winter Park,FL
Winterhaven,CA
Wisconsin Dells,WI
Woodbridge,VA
Woodbridge Township,NJ
Woodford,VA
Woodinville,WA
Woodland Hills,CA
Woodstock,GA
Woodstock,IL
Woodstock,NY
Woodstock,VA
Wooster,OH
Worcester,MA
Wyoming,MI
Yakima,WA
Ybor City,FL
Yerington,NV
York,PA
Yorktown,TX
Youngstown,OH
Ypsilanti,MI
Yucaipa,CA
Zebulon,NC